date,time,COND,,FC,,FLOW,,NH3_N,,NO2_NO3,,OP_DIS,,OXYGEN,,PH,,PRESS,,SUSSOL,,TEMP,,TP_P,,TP_PInLine,,TP_P_ICP,,TPN,,TURB,,Turb-JTU,
,,(umhos/cm),,(#/100ml),,(CFS),,(mg/L),,(mg/L),,(mg/L),,(mg/L),,(pH),,(mm/Hg),,(mg/L),,(deg C),,(mg/L),,(mg/L),,(mg/L),,(mg/L),,(NTU),,(JTU),
10/10/1972,17:10,390,,40,U,,,0.24,,,,0.01*,U,11.5,,8.7,,,,,,11.3,,0.04,,,,,,,,,,4,
10/31/1972,12:50,315,,20,U,,,0.07,,,,0.01*,U,14.6,,8.6,,,,,,4,,0.04,,,,,,,,,,4,
11/19/1972,12:10,30,,20,U,,,0.11,,,,0.01*,U,13.8,,7.8,,,,,,6.1,,0.05,,,,,,,,,,4,
11/29/1972,12:10,320,,20,U,,,0.06,,,,0.03,,14.1,,7.5,,,,,,2.3,,0.04,,,,,,,,,,0.1*,U
12/27/1972,11:20,140,,1000,,,,0.92,,,,0.01,,11.7,,7.2,,,,,,4,,1.1,,,,,,,,,,500,
1/18/1973,12:10,104,,800,,,,0.36,,,,0.09,,13.2,,7.4,,,,,,2,,0.23,,,,,,,,,,1300,
2/6/1973,13:30,250,,100,,,,0.85,,,,0.07,,13.3,,7.9,,,,,,0.6,,0.56,,,,,,,,,,90,
2/22/1973,12:00,150,,200,,,,0.63,,,,0.13,,13,,7.7,,,,,,2.8,,0.28,,,,,,,,,,600,
2/27/1973,12:40,130,,700,,,,0.64,,,,0.08,,13.2,,7.6,,,,,,6.9,,0.82,,,,,,,,,,730,
3/13/1973,10:05,140,,200,,,,0.1,,,,0.08,,11.8,,7.7,,,,,,3.8,,1.8,,,,,,,,,,500,
3/27/1973,13:30,170,,100,U,,,,,,,0.01*,U,10.4,,7.9,,,,,,9.4,,0.18,,,,,,,,,,50,
4/10/1973,11:00,200,,40,U,,,0.18,,,,0.06,,11.1,,8.2,,,,,,12.4,,0.16,,,,,,,,,,20,
4/24/1973,13:50,220,,20,U,,,0.19,,,,0.04,,11.2,,8.7,,,,,,16.1,,0.11,,,,,,,,,,20,
6/12/1973,13:20,360,,50,,,,0.12,,,,0.03,,12.2,,8.7,,,,,,20,,0.05,,,,,,,,,,3,
6/26/1973,11:30,380,,80,G,,,0.1,,,,0.02,,12.2,,8.7,,,,,,21.2,,0.04,,,,,,,,,,2,
7/11/1973,11:00,390,,45,,,,0.17,,,,0.01,,11.7,,8.6,,,,,,19,,0.03,,,,,,,,,,4,
7/24/1973,10:50,243,,30,,,,0.05,,,,0.01*,U,11.6,,8.5,,,,,,18,,0.03,,,,,,,,,,15,
8/7/1973,11:25,420,,30,,,,0.05,,,,0.01*,U,11.4,,8.5,,,,,,20,,0.01,,,,,,,,,,5,
8/21/1973,10:35,440,,,,,,0.06,,,,0.01*,U,12.5,,8,,,,,,17.6,,0.05,,,,,,,,,,2,
9/12/1973,11:05,420,,53,,,,0.08,,,,0.01*,U,9.9,,8.4,,,,,,17.3,,0.05,,,,,,,,,,9,
9/25/1973,10:40,380,,80,G,,,0.09,,,,0.01*,U,11.5,,8.2,,,,,,12.2,,0.03,,,,,,,,,,3,
10/12/1976,10:30,300,,,,,,0.12,,,,0.02,,11.7,,,,,,,,12.8,,0.1,,,,,,,,18,,,
10/18/1976,10:45,300,,,,,,0.05,,,,0.03,,11,,,,,,,,6.7,,0.09,,,,,,,,15,,,
11/8/1976,10:50,300,,,,,,0.08,,,,0.04,,10,,,,,,,,7.4,,0.08,,,,,,,,17,,,
11/15/1976,10:40,300,,,,,,0.05,,,,0.04,,10.9,,,,,,,,4.5,,0.07,,,,,,,,5,,,
12/6/1976,11:20,305,,,,,,0.05,,,,0.04,,9,,,,,,,,1.9,,0.08,,,,,,,,150,,,
12/13/1976,12:45,300,,,,,,0.03,,,,0.04,,8.2,,,,,,,,2.7,,0.07,,,,,,,,40,,,
1/10/1977,12:50,301,,,,,,0.05,,,,0.08,,9.9,,,,,,,,0.3,,0.1,,,,,,,,40,,,
1/24/1977,10:15,170,,,,,,1.8,,,,0.15,,8.6,,,,,,,,0.9,,0.74,,,,,,,,11,,,
2/7/1977,10:30,244,,,,,,0.25,,,,0.12,,7.6,,,,,,,,1.4,,0.2,,,,,,,,110,,,
2/14/1977,11:10,270,,,,,,0.6,,,,0.09,,9.3,,,,,,,,2.4,,0.4,,,,,,,,100,,,
3/7/1977,11:25,250,,,,,,0.18,,,,0.06,,8.3,,,,,,,,6.7,,0.14,,,,,,,,33,,,
3/21/1977,9:40,250,,,,,,0.11,,,,0.06,,9.7,,,,,,,,5.4,,0.19,,,,,,,,31,,,
4/4/1977,11:00,230,,,,,,0.13,,,,0.06,,8.3,,,,,,,,9.6,,0.12,,,,,,,,14,,,
4/18/1977,10:30,237,,,,,,0.1,,,,0.02,,9.1,,,,,,,,9.7,,0.07,,,,,,,,23,,,
5/2/1977,10:35,298,,,,,,0.18,,,,0.05,,8.1,,,,,,,,14,,0.09,,,,,,,,23,,,
5/16/1977,10:25,297,,,,,,0.1,,,,0.05,,8.3,,,,,,,,12,,0.09,,,,,,,,4,,,
6/6/1977,10:30,332,,,,,,0.1,,,,0.05,,7,,,,,,,,19.2,,0.1,,,,,,,,65,,,
6/20/1977,11:15,315,,,,,,0.56,,,,0.15,,,,,,,,,,19.2,,0.47,,,,,,,,28,,,
7/13/1977,11:15,300,,,,,,0.17,,,,0.03,,8.8,,,,,,,,20.3,,0.13,,,,,,,,40,,,
7/25/1977,11:30,315,,,,,,0.19,,,,0.04,,,,,,,,,,21.1,,0.14,,,,,,,,8,,,
8/8/1977,14:15,305,,,,,,0.15,,,,0.06,,9.8,,,,,,,,26.6,,0.1,,,,,,,,27,,,
8/22/1977,9:40,325,,,,,,0.1,,,,0.04,,9.7,,,,,,,,19.3,,0.07,,,,,,,,45,,,
9/7/1977,9:50,365,,,,,,0.11,,,,0.03,,9.9,,,,,,,,15.2,,0.06,,,,,,,,22,,,
9/26/1977,9:25,330,,,,,,0.11,,,,0.04,,11.9,,,,,,,,10.5,,0.08,,,,,,,,12,,,
10/25/1977,8:45,,,1200,J,,,0.08,,1,,0.01*,U,,,6.2,,,,,,8.9,,0.09,,,,,,,,16,,,
11/16/1977,8:30,310,,54,J,,,0.07,,,,0.04,,,,7.1,,,,,,3.3,,0.09,,,,,,,,60,,,
12/7/1977,14:45,245,,173,J,,,0.13,,1.5,,0.11,,,,7.2,,,,,,1,,0.44,,,,,,,,65,,,
1/10/1978,14:10,145,,275,,,,0.43,,5.5,,0.04,,13.2,,7.1,,,,,,1.5,,0.55,,,,,,,,220,,,
2/8/1978,8:45,110,,310,,,,0.4,,5.7,,0.09,,13.3,,7.5,,,,,,2.5,,0.8,,,,,,,,90,,,
2/21/1978,16:00,205,,,,,,0.16,,6.2,,0.1,,12.5,,7.7,,,,40,,4.6,,0.24,,,,,,,,50,,,
3/20/1978,15:45,172,,20,J,,,0.22,,3.2,,0.07,,10.1,,7.8,,,,24,,11.1,,0.14,,,,,,,,25,,,
4/25/1978,15:45,209,,6,J,,,0.08,,1.2,,0.02,,10.5,,8.7,,,,8,,14.1,,0.06,,,,,,,,10,,,
5/10/1978,9:30,125,,105,,,,0.2,,0.39,,0.07,,10,,7.4,,,,,,12.4,,0.14,,,,,,,,65,,,
5/11/1978,11:30,184,,,,,,0.07,,,,0.03,,,,,,,,,,13.7,,,,,,,,,,,,,
5/11/1978,11:40,183,,,,,,0.07,,,,0.03,,,,,,,,,,14,,,,,,,,,,,,,
6/7/1978,8:45,210,,38,,,,0.05,,1,,0.11,,8.9,,8.4,,,,,,19,,0.22,,,,,,,,18,,,
7/12/1978,9:15,270,,,,,,0.02,,1.2,,0.18,,9.3,,8.1,,,,,,17.4,,0.6,,,,,,,,228,,,
8/9/1978,9:00,250,,62,,,,0.15,,1.3,,0.05,,9,,7.7,,,,13,,18.6,,0.08,,,,,,,,170,,,
9/13/1978,8:50,360,,85,,,,0.13,,0.89,,0.03,,9.8,,8.1,,,,,,14.3,,0.1,,,,,,,,40,,,
10/10/1978,13:10,310,,110,,,,0.05,,0.81,,0.03,,10.3,,7.9,,,,7,,11.8,,0.05,,,,,,,,40,,,
11/7/1978,15:00,365,,20,U,,,0.01,,0.59,,0.08,,11.8,,,,,,12,,,,0.11,,,,,,,,2,,,
12/13/1978,15:00,310,,160,,,,0.02,,1.2,,0.09,,13.3,,7.8,,,,25,,0.4,,0.15,,,,,,,,36,,,
3/7/1979,8:45,130,,84,,,,0.23,,5.4,,0.09,,12.4,,7.3,,716,,528,,5,,0.23,,,,,,,,60,,,
4/11/1979,9:30,115,,110,,,,0.01,,0.56,,0.09,,10.9,,7.6,,701,,14,,6.2,,0.14,,,,,,,,54,,,
5/11/1979,8:45,150,,60,,,,0.01,,0.56,,0.05,,10,,7.1,,717,,23,,9.5,,0.11,,,,,,,,66,,,
6/6/1979,10:00,335,,118,,,,0.08,,0.63,,0.02,,8,,7.7,,710,,3,,14.4,,0.1,,,,,,,,7,,,
7/11/1979,10:15,400,,116,,,,0.07,,0.65,,0.01*,U,9,,7.9,,716,,3,,18.8,,0.03,,,,,,,,33,,,
8/8/1979,10:00,370,,95,,,,0.01,,1.5,,0.01,,9,,8,,721,,5,,17,,0.02,,,,,,,,15,,,
9/12/1979,9:30,395,,110,,,,0.11,,1.5,,0.01,,9.8,,8,,719,,1,,12.8,,0.01,,,,,,,,18,,,
10/17/1979,15:00,366,,85,,,,0.05,,0.89,,0.03,,10,,7.9,,710,,10,,13.7,,0.01,,,,,,,,15,,,
11/14/1979,10:00,270,,80,,,,0.06,,1,,0.01,,12.8,,7.8,,710,,32,,2.1,,0.06,,,,,,,,8,,,
12/12/1979,9:00,276,,120,,,,0.06,,0.82,,0.05,,12.1,,8.3,,701,,5,,4.6,,0.09,,,,,,,,40,,,
2/26/1980,8:00,290,,220,J,,,0.16,,4.2,,0.17,,12.7,,8.1,,705,,93,,3.2,,0.34,,,,,,,,150,,,
3/12/1980,11:00,140,,230,,,,0.18,,4.3,,0.13,,10.8,,7.9,,725,,910,,4.4,,0.8,,,,,,,,85,,,
4/8/1980,15:15,180,,640,,,,0.15,,1.7,,0.05,,9.8,,7.9,,701,,63,,7.4,,0.1,,,,,,,,110,,,
5/7/1980,9:00,230,,1500,J,,,0.14,,1.1,,0.08,,8.6,,8.2,,704,,30,,15.2,,0.14,,,,,,,,70,,,
5/19/1980,13:55,245,,,,,,0.16,,0.58,,,,8.9,,7.6,,,,,,16.6,,0.23,,,,,,,,120,,,
5/20/1980,12:40,254,,,,,,0.18,,0.68,,,,8.7,,8,,,,,,17.8,,0.41,,,,,,,,270,,,
5/21/1980,11:50,191,,,,,,0.09,,0.68,,,,9.1,,8,,,,,,17.5,,0.16,,,,,,,,44,,,
5/22/1980,11:25,285,,,,,,,,,,,,8.9,,7.4,,,,,,15.8,,,,,,,,,,,,,
5/27/1980,13:00,197,,,,,,0.89,,2.2,,,,9.9,,7.2,,,,,,9,,1.7,,,,,,,,2600,,,
5/28/1980,12:40,193,,,,,,,,,,,,9.8,,7.8,,,,,,11.4,,,,,,,,,,,,,
6/11/1980,14:00,270,,370,,,,0.18,,1.3,,0.09,,7.3,,8,,701,,640,,21.6,,0.44,,,,,,,,230,,,
6/19/1980,12:30,,,,,,,0.09,,0.84,,,,,,,,,,,,,,0.21,,,,,,,,,,,
7/8/1980,14:55,280,,85,,,,0.01,U,0.79,,,,7.4,,8,,700,,4,,25.4,,0.07,,,,,,,,230,,,
8/12/1980,8:25,320,,110,,,,0.08,,1.23,,0.02,,9.2,,7.7,,701,,29,,17.2,,0.05,,,,,,,,130,,,
9/9/1980,6:35,340,,600,J,,,0.01,U,1.13,,,,9.1,,7.9,,721,,20,,14.6,,0.05,,,,,,,,85,,,
10/7/1980,6:05,315,,225,J,,,0.03,,,,0.01,U,9.7,,8.2,,725,,12,,12.5,,0.04,,,,,,,,20,,,
11/4/1980,7:45,350,,675,,,,0.05,,,,0.01,U,9.7,,8,,726,,6,,7.5,,0.02,,,,,,,,60,,,
12/3/1980,10:30,260,,270,J,,,0.05,,,,0.06,,10.7,,7.8,,690*,,24,,4.4,,0.09,,,,,,,,55,,,
1/6/1981,7:45,205,,490,J,,,0.04,,,,0.09,,11.9,,7.6,,709,,27,,2.8,,0.09,,,,,,,,150,,,
2/9/1981,7:50,200,,110,J,,,0.05,,,,0.05,,11.8,,7.6,,695*,,12,,2.8,,0.11,,,,,,,,25,,,
3/10/1981,6:15,180,,910,,,,0.03,,,,0.04,,10.3,,8,,710,,19,,4.7,,0.03,,,,,,,,,,,
4/7/1981,12:45,140,,110,,,,0.04,,,,0.02,,10.1,,8.2,,701,,14,,9,,0.05,,,,,,,,120,,,
5/5/1981,5:50,175,,110,J,,,0.03,,,,0.03,,9.7,,7.9,,704,,26,,9.2,,0.07,,,,,,,,65,,,
6/9/1981,6:45,175,,450,J,,,0.1,,,,0.06,,9.1,,7.8,,701,,23,,13.4,,0.07,,,,,,,,60,,,
7/7/1981,6:00,235,,270,,,,0.03,,,,0.04,,9.2,,8,,699,,18,,14.8,,0.06,,,,,,,,60,,,
8/4/1981,6:15,290,,760,J,,,0.11,,,,0.05,,8.4,,7.9,,701,,30,,16.8,,0.05,,,,,,,,45,,,
9/2/1981,13:15,350,,630,J,,,0.03,,,,0.06,,8.2,,7.8,,696,,4,,19.5,,0.07,,,,,,,,40,,,
10/6/1981,13:00,325,,110,J,,,0.05,,,,0.02,,10.5,,7.7,,702,,1,U,8.4,,0.06,,,,,,,,12,,,
11/10/1981,6:50,340,,41,,,,0.26,,,,0.02,,11.3,,7.3,,716,,1,,4.6,,0.06,,,,,,,,5,,,
12/9/1981,8:30,150,,350,,,,0.2,,,,0.11,,12.2,,7.6,,703,,110,,3,,0.15,,,,,,,,440,,,
1/27/1982,8:00,150,,570,,,,0.32,,,,0.09,,12.9,,7.5,,723,,790,,0,,0.09,,,,,,,,410,,,
2/16/1982,13:10,112,,400,,,,0.31,,,,0.01,U,12.6,,7.6,,719,,2200,,2.2,,0.02,,,,,,,,520,,,
3/16/1982,11:20,138,,120,,,,0.11,,,,0.1,,,,7.3,,721,,160,,4.6,,0.32,,,,,,,,200,,,
4/20/1982,13:00,130,,4,J,,,0.03,,,,0.05,,11,,7.5,,736,,44,,10.6,,0.05,,,,,,,,35,,,
5/11/1982,12:45,210,,2,J,,,0.02,,,,0.01,,10.6,,8.6,,723,,1,,15,,0.04,,,,,,,,4,,,
6/7/1982,15:00,277,,27,,,,0.04,,,,0.03,,10.7,,8.6,,725,,6,,18,,0.05,,,,,,,,3,,,
7/11/1982,14:10,305,,130,,,,0.03,,,,0.07,,11.3,,7.5,,725,,16,,23.2,,0.08,,,,,,,,11,,,
8/17/1982,16:00,360,,43,,,,0.05,,,,0.04,,12.2,,8.9,,707,,9,,23.2,,0.06,,,,,,,,5,,,
9/14/1982,13:30,378,,85,J,,,0.02,,,,0.04,,13.7,,8.9,,716,,8,,13.3,,0.05,,,,,,,,8,,,
10/19/1982,13:05,362,,35,,,,0.02,,,,0.07,,14.9,,8.5,,732,,6,,8.2,,0.09,,,,,,,,8,,,
11/16/1982,13:20,410,,53,,,,0.05,,,,0.06,,13.5,,8.4,,694*,,13,,3.3,,0.12,,,,,,,,13,,,
12/28/1982,13:10,200,,36,,,,0.04,,,,0.05,,13.6,,7.5,,725,,13,,0.7,,0.07,,,,,,,,32,,,
1/25/1983,13:20,205,,44,,,,0.05,,,,,,12.9,,7.7,,723,,24,,3.7,,0.1,,,,,,,,49,,,
2/22/1983,14:10,147,,92,,,,0.03,,,,,,11.4,,7.6,,712,,130,,7,,0.03,,,,,,,,120,,,
3/23/1983,7:50,204,,8,J,,,0.03,,,,0.07,,11.6,,7.9,,704,,30,,6.7,,0.06,,,,,,,,31,,,
4/19/1983,14:45,232,,1,J,,,0.02,,,,0.04,,10.1,,8.5,,697,,10,,15.6,,0.05,,,,,,,,10,,,
5/24/1983,14:35,260,,3,J,,,0.02,,,,0.04,,11.5,,9.1,,710,,8,,22.2,,0.05,,,,,,,,3,,,
6/28/1983,14:40,310,,57,,,,0.03,,,,0.04,,10.5,,8.6,,723,,9,,20.5,,0.08,,,,,,,,4,,,
7/19/1983,14:25,302,,51,,,,0.03,,,,0.05,,10.6,,8.5,,719,,1,U,22,,0.09,,,,,,,,2,,,
8/23/1983,14:50,345,,160,,,,0.02,,,,0.04,,10.2,,8.3,,709,,6,,18,,0.04,,,,,,,,3,,,
9/27/1983,14:55,335,,14,J,,,0.02,,,,0.03,,13.5,,8.8,,707,,5,,14.5,,0.04,,,,,,,,2,,,
10/25/1983,14:20,330,,3,J,,,0.03,,,,0.04,,14.4,,8.4,,715,,4,,9.8,,0.04,,,,,,,,3,,,
11/29/1983,14:25,235,,33,,,,0.1,,,,,,12.8,,7.8,,711,,20,,2.4,,0.08,,,,,,,,62,,,
12/20/1983,14:25,250,,29,,,,0.06,,,,0.13,,13.8,,7.9,,714,,9,,0.2,,0.18,,,,,,,,33,,,
1/17/1984,13:05,230,,51,,,,0.26,,,,0.1,,11.9,,7.9,,721,,16,,0.3,,0.11,,,,,,,,33,,,
2/7/1984,12:45,196,,33,,,,0.08,,,,0.08,,12.7,,8,,717,,40,,3.9,,0.1,,,,,,,,60,,,
3/6/1984,13:15,179,,21,,,,0.09,,,,0.09,,11.9,,7.9,,712,,87,,6.2,,0.13,,,,,,,,100,,,
4/10/1984,13:00,161,,240,J,,,0.07,,,,,,11.5,,8,,698,,140,,7.2,,0.04,,,,,,,,180,,,
5/8/1984,12:55,240,,4,J,,,0.05,,,,0.05,,9.2,,8.8,,709,,8,,11.1,,0.12,,,,,,,,9,,,
6/12/1984,13:10,188,,100,,,,0.12,,,,,,9.4,,8.2,,706,,23,,18,,0.03,,,,,,,,43,,,
7/10/1984,14:40,298,,9,J,,,0.03,,,,0.08,,11.4,,9,,708,,9,,22.7,,0.12,,,,,,,,6,,,
8/14/1984,13:25,350,,29,,,,0.01,,,,0.07,,11.7,,8.7,,707,,20,,19.7,,0.12,,,,,,,,5,,,
9/11/1984,14:20,315,,57,,,,0.06,,,,0.04,,11.8,,8.6,,699,,8,,13.9,,0.14,,,,,,,,5,,,
10/9/1984,13:10,345,,2,J,,,0.01,,,,0.04,,13.8,,8.8,,707,,6,,14.1,,0.06,,,,,,,,6,,,
11/13/1984,13:30,309,,350,J,,,0.03,,,,0.04,,11,,8.5,,,,7,,6.1,,0.08,,,,,,,,7,,,
12/11/1984,14:00,134,,450,,,,0.26,,,,,,12.8,,7.6,,705,,620,,0.3,,0.04,,,,,,,,760,,,
1/15/1985,13:35,273,,20,J,,,0.18,,,,0.08,,13.1,,8.2,,721,,6,,1,,0.1,,,,,,,,9,,,
2/5/1985,13:40,290,,11,J,,,0.01,,,,0.04,,13.8,,7.3,,710,,5,,0,,0.09,,,,,,,,11,,,
3/12/1985,14:10,182,,230,,,,0.1,,,,0.06,,12.4,,7.4,,715,,120,,3.9,,0.11,,,,,,,,180,,,
4/2/1985,13:20,115,,240,,,,0.08,,,,,,10.9,,7.5,,715,,440,,7.8,,0.02,,,,,,,,220,,,
5/7/1985,13:50,180,,57,,,,0.02,,,,0.02,,11.3,,9.2,,704,,6,,14.2,,0.04,,,,,,,,7,,,
6/11/1985,13:25,232,,19,J,,,,,,,,,9.5,,8.6,,715,,13,,20,,,,,,,,,,7,,,
8/13/1985,13:45,371,,18,J,,,0.1,,,,0.04,,12,,8.6,,715,,5,,16.8,,0.06,,,,,,,,,,,
9/17/1985,13:55,350,,30,,,,,,,,,,11.6,,8.5,,699,,,,11.4,,,,,,,,,,,,,
10/22/1985,14:00,350,,55,,,,,,,,,,12.7,,8.4,,714,,10,,8,,,,,,,,,,,,,
11/19/1985,14:05,333,,150,G,,,0.04,,,,0.06,,15.1,,8.4,,717,,5,,0.3,,0.07,,,,,,,,,,,
12/10/1985,14:10,329,,20,J,,,0.1,,,,0.08,,14.6,,8.4,,723,,12,,0,,0.08,,,,,,,,,,,
1/14/1986,13:45,218,,,,,,0.1,,,,0.15,,12.8,,,,722,,21,,0.4,,0.13,,,,,,,,,,,
2/11/1986,14:15,200,,340,,,,,,,,,,12.8,,7.6,,709,,,,0.8,,,,,,,,,,,,,
3/11/1986,14:00,149,,66,,,,0.14,,,,0.1,,11.2,,7.5,,700,,110,,6.5,,0.04,,,,,,,,,,,
4/15/1986,14:45,198,,28,,,,0.07,,,,0.04,,10.2,,8.2,,690*,,21,,10.9,,0.11,,,,,,,,17,,,
5/13/1986,13:45,230,,52,,,,0.02,,,,0.03,,11.4,,8.7,,707,,,,12.2,,0.08,,,,,,,,6,,,
6/10/1986,14:05,280,,18,,,,0.02,,,,0.03,,12.1,,8.5,,726,,,,22,,0.1,,,,,,,,4,,,
7/8/1986,14:25,353,,,,,,0.02,,,,0.03,,12.7,,9,,709,,4,,19.4,,0.07,,,,,,,,4,,,
8/12/1986,14:10,370,,200,,,,0.05,,,,0.07,,12.3,,8.8,,717,,,,22.8,,0.11,,,,,,,,,,,
9/9/1986,14:45,380,,14,,,,,,,,0.05,,13.2,,8.4,,722,,,,16.6,,,,,,,,,,6,,,
10/21/1986,14:05,353,,52,,,,,,,,0.03,,16.1,,8.7,,726,,2.5,,8.8,,,,,,,,,,2,,,
11/4/1986,14:05,360,,500,,,,0.03,,,,0.03,,12.8,,8.5,,724,,5,,7.2,,,,,,,,,,1,,,
12/9/1986,13:55,261,,1,,,,0.05,,,,,,13.8,,7.3,,730,,6,,0.2,,,,,,,,,,15,,,
1/13/1987,13:25,259,,47,,,,0.05,,,,,,13.4,,8.3,,721,,5,,0.8,,0.15,,,,,,,,23,,,
2/10/1987,13:25,189,,73,,,,0.12,,,,0.1,,12.3,,7.1,,719,,67,,3,,0.49,,,,,,,,36,,,
3/17/1987,14:05,162,,35,,,,0.05,,,,0.06,,10,,7,,719,,19,,8,,0.1,,,,,,,,,,,
4/14/1987,13:35,209,,1,,,,0.03,,,,0.02,,12.1,,8.1,,725,,1,U,11.8,,0.04,,,,,,,,4,,,
5/5/1987,13:35,280,,,,,,0.02,,,,0.01,,13.5,,9.2,,731,,5,,19.4,,0.07,,,,,,,,3,,,
6/2/1987,14:20,319,,16,,,,0.02,,,,,,11.2,,8.6,,733,,11,,17,,0.09,,,,,,,,4,,,
7/7/1987,14:20,371,,59,,,,0.04,,,,0.03,,11.8,,8.7,,,,5,,21,,0.49,,,,,,,,2,,,
8/4/1987,13:30,360,,1,,,,0.02,,0.8,,0.02,,12.9,,8.7,,722,,7,,22.4,,0.04,,,,,,,,2,,,
9/8/1987,14:15,395,,14,,,,0.01,U,,,0.03,,13.4,,8.7,,725,,9,,20.6,,0.04,,,,,,,,,,,
10/6/1987,13:15,400,,12,,,,0.01,,,,0.03,,10.1,,8,,729,,4,,12.8,,0.04,,,,,,,,2,,,
11/3/1987,13:15,375,,7,,,,0.01,,,,0.02,,13.4,,8.5,,709,,6,,10,,0.04,,,,,,,,2,,,
12/8/1987,13:30,300,,410,,,,0.03,,,,0.04,,12.9,,8.2,,723,,26,,3,,0.04,,,,,,,,10,,,
2/2/1988,13:20,213,,140,,,,0.19,,,,0.11,,14.7,,7.6,,727,,82,,0.1,,0.35,,,,,,,,105,,,
3/8/1988,14:15,147,,170,,,,0.02,,,,0.06,,11.7,,7,,706,,82,,5.7,,0.15,,,,,,,,75,,,
4/5/1988,14:00,135,,270,,,,0.06,,,,0.07,,12,,7.5,,713,,230,,7.4,,0.22,,,,,,,,25,,,
5/3/1988,13:00,185,,26,,,,0.02,,,,0.03,,13.4,,8.2,,708,,5,,11,,0.06,,,,,,,,6,,,
6/7/1988,14:10,255,,96,,,,,,,,0.04,,10.5,,8.4,,707,,14,,16.4,,,,,,,,,,3,,,
7/5/1988,14:30,311,,450,,,,0.03,,,,0.04,,10.9,,8.5,,708,,7,,15.9,,0.07,,,,,,,,4,,,
8/2/1988,12:45,445,,17,,,,0.02,,,,0.02,,12.8,,8.6,,706,,7,,20.2,,0.05,,,,,,,,2,,,
9/13/1988,14:20,425,,19,,,,0.01,,,,0.02,,14.4,,8.7,,708,,8,,17.6,,0.04,,,,,,,,2,,,
10/4/1988,14:20,355,,51,,,,0.02,,0.72,,0.03,,15.9,,8.8,,705,,6,,16.3,,0.04,,,,,,,,2,,,
11/7/1988,13:35,279,,11,,,,0.02,,0.35,,0.02,,13.6,,8.5,,709,,5,,6.8,,,,,,,,,,1,U,,
12/6/1988,14:20,305,,13,,,,0.02,,0.79,,0.06,,13.8,,7.8,,714,,14,,1.7,,,,,,,,,,3,,,
1/3/1989,14:15,369,,125,,,,0.07,,2.8,,0.06,,12.6,,8,,706,,32,,1.5,,0.22,,,,,,,,21,,,
2/7/1989,13:15,225,,40,,,,0.06,,9.1,,0.1,,13.3,,7.7,,731,,3,,-0.1,,0.17,,,,,,,,21,,,
3/7/1989,14:10,90,,,,,,0.25,,3,,0.09,,10.9,,7.6,,715,,1700,,0.6,,0.01,U,,,,,,,280,,,
4/4/1989,14:10,154,,63,,,,0.06,,3.4,,0.07,,11.9,,7.9,,724,,62,,6.1,,0.17,,,,,,,,31,,,
5/2/1989,14:10,200,,12,,,,0.03,,0.32,,0.01,,10.4,,,,719,,6,,14.7,,0.04,,,,,,,,3,,,
6/6/1989,13:55,250,,41,,,,0.02,,0.28,,0.01,,9.8,,8.7,,714,,11,,24.8,,0.09,,,,,,,,3,,,
7/5/1989,14:15,338,,20,,,,0.03,,0.51,,0.01,,14.3,,8.9,,724.7,,10,,23.4,,0.08,,,,,,,,1.6,,,
8/8/1989,14:15,375,,83,,,,0.02,,0.97,,0.02,,13.6,,8.9,,710.4,,6,,20.7,,0.05,,,,,,,,1,,,
9/5/1989,13:15,385,,260,,,,0.18,,1.22,,0.09,,9.6,,8.5,,716.3,,24,,18.5,,0.21,,,,,,,,64,,,
10/3/1989,13:35,350,,38,,,,0.01,,0.77,,0.02,,15.1,,9,,718.3,,5,,11.8,,0.04,,,,,,,,0.8,,,
11/7/1989,13:30,332,,3,U,,,0.01,,0.53,,0.03,,13,,8.8,,717.8,,7,,6.6,,0.05,,,,,,,,1.7,,,
12/5/1989,13:30,271,,4,,,,0.01,,1.68,,0.03,,12.7,,8.3,,721.6,,8,,4.6,,0.05,,,,,,,,5.8,,,
1/9/1990,14:15,114,,730,,,,,,5.53,,0.08,,11.5,,7.3,,710.9,,,,3.8,,0.3,J?,,,,,,,260,J,,
2/6/1990,14:10,211,,11,,,,0.05,,4.76,,0.07,,13.2,,7.2,,713.7,,25,,1.4,,0.17,,,,,,,,28,,,
3/6/1990,14:05,194,,7,,,,0.07,,4.96,,0.07,,11.7,,7.6,,720.1,,37,,6,,0.17,,,,,,,,32,,,
4/3/1990,14:35,189,,4,,,,0.02,,1.43,,0.03,,9.9,,8.1,J,718.6,,9,,15.2,,0.07,,,,,,,,9.7,,,
5/8/1990,12:30,202,,12,,,,0.02,,0.56,,0.05,,10.5,,8.2,,720.1,,11,,14.5,,0.09,,,,,,,,12,,,
6/5/1990,14:10,110,,290,,,,0.08,,0.77,,0.07,,9.4,,7.6,,715.8,,79,,13.4,,0.08,,,,,,,,47,,,
7/10/1990,12:30,334,,32,,,,0.01,,0.32,,0.01,,12.6,,8.9,,717.3,,15,,23.1,,0.04,,,,,,,,1.1,,,
8/7/1990,13:00,357,,80,,,,,,0.8,,0.02,,12.6,,8.8,,716.3,,,,23,,0.05,,,,,,,,1.2,,,
9/4/1990,12:10,380,,550,,,,0.09,,1.41,,0.1,,8.8,,8.3,,720.6,,47,,19.4,,0.3,,,,,,,,51,,,
10/9/1990,12:25,400,,11,,,,0.01,U,0.67,,0.042,,14.9,,8.8,,721.6,,9,,10.1,,0.047,,,,,,,,2.6,,,
11/6/1990,12:25,325,,5,,,,0.02,,0.35,,0.03,,13.4,,8.6,,728.7,,7,,4.4,,0.05,,,,,,,,4.7,,,
12/4/1990,12:45,222,,75,,,,0.1,,3.91,,0.08,,12.7,,7.8,,711.2,,13,,2,,0.19,,,,,,,,38,,,
2/5/1991,13:45,139,,160,,,,0.17,,1.94,,0.112,,12.9,,7.8,,722.9,,130,,1.2,,0.384,,,,,,,,76.5,,,
3/5/1991,13:10,125,,350,J?,,,0.15,G,5.8*,J,0.07,,11.8,,7.2,,714,,1980,J,3.5,J,0.54,,,,,,,,395,,,
4/2/1991,12:45,187,,3,U,,,0.01,,1.66,,0.032,,10.3,,8.6,,717.6,,14,,11.5,,0.082,,,,,,,,14,,,
5/7/1991,12:50,231,,,,,,0.01,,0.19,,0.01,U,10.9,,8.8,,716,,4,,13.6,,0.033,,,,,,,,2.6,J?,,
6/4/1991,12:40,185,,27,,,,0.05,,0.55,,0.056,,9.2,,8.2,,718.8,,18,,18.1,,0.089,,,,,,,,28,,,
7/9/1991,14:55,290,,32,,,,0.01,U,0.44,,0.038,,10.8,,8.4,,710.2,,2,,22.8,,0.056,,,,,,,,2,,,
8/6/1991,14:00,375,,41,,,,0.02,,0.91,,0.033,,12.8,,8.5,,711.5,,8,,22.5,,0.063,,,,,,,,4.9,,,
9/3/1991,14:55,412,,10,,,,0.06,,1.12,,0.025,,12.7,,8.7,,722.1,,5,,20.1,,0.039,,,,,,,,2.1,,,
10/6/1992,14:35,398,,34,,,,0.017,,1.03,,0.01,U,14.3,,8.6,,722.9,,3,,11.5,,0.018,,,,,,,,1.3,,,
11/3/1992,15:25,336,,3,,,,0.015,,0.535,,0.01,U,13.8,,8.5,,731,,4,,7.5,,0.016,,,,,,,,0.9,,,
12/2/1992,14:50,294,,8,,,,0.016,,0.724,,0.025,,14.1,,8.2,,718.1,,5,,0.4,,0.05,,,,,,,,3.9,,,
2/2/1993,14:25,152,,23,,,,0.074,,5.61,,0.112,,13.3,,7.7,,725.7,,23,,0.4,,0.173,,,,,,,,29,,,
3/2/1993,14:55,222,,4,,,,0.03,,3.83,,0.057,,13.3,,8,,723.9,,6,,0.6,,0.101,,,,,,,,8,,,
4/6/1993,14:50,124,,23,,,,0.022,,2.7,,0.066,,10.7,,7.5,,716.3,,36,,7.9,,0.101,,,,,,,,39,,,
5/4/1993,16:10,125,,960,,,,0.05,,1.74,,0.039,,10.3,,7.8,,719.1,,877,,9.8,,0.297,,,,,,,,160,,,
6/8/1993,15:25,268,,37,,,,0.012,,0.436,,0.01,U,10.5,,8.4,,720.1,,6,,18.2,,0.025,,,,,,,,2.4,,,
7/6/1993,15:20,310,,100,,,,0.022,,0.501,,0.013,,10.5,,8.7,,715,,5,,18.5,,0.033,,,,,,,,2.2,,,
8/3/1993,15:10,273,,80,,,,0.01,U,0.382,,0.033,,12.5,,9,,715.5,,9,,23.7,,0.06,,,,,,,,5.5,,,
9/7/1993,15:05,328,,36,,,,0.01,U,0.829,,0.016,,13.7,,8.9,,717.8,,3,,19.6,,0.036,,,,,,,,2,,,
10/10/1994,14:20,,,13,,,,0.01,U,1.3,,0.01,U,14,,8.4,,713.5,,1,U,11.1,,0.01,U,,,,,1.34,,0.6,,,
11/7/1994,14:05,,,7,,,,0.01,U,0.284,,0.01,U,13.6,,8.4,,716,,2,,4.7,,0.025,,,,,,0.444,,2,,,
1/9/1995,13:40,,,53,,,,0.073,,3.48,,0.092,,12.8,,7.8,,704.9,,48,,0.3,,0.146,,,,,,4.01,,55,,,
2/6/1995,13:50,,,46,J?,,,0.042,,5.05,,0.076,,11.8,,7.5,,719.6,,46,,4.9,,0.128,,,,,,5.32,,45,,,
3/6/1995,14:15,,,3,,,,0.011,,4.41,,0.054,,12.4,,7.8,,717.8,,13,,3.3,,0.078,,,,,,4.42,,20,,,
4/3/1995,14:20,,,1,U,,,0.013,,3.84,,0.043,,10.6,,8.1,,717,,10,,9.7,,0.079,,,,,,3.9,,15,,,
5/2/1995,14:35,,,7,,,,,,,,0.01,,11.7,,9,,711.7,,5,,12.9,,,,,,,,,,3.3,,,
6/5/1995,13:05,,,210,J,,,0.029,,0.556,,0.007,,9.9,,8.3,,719.3,,6,,16.7,,0.076,,,,,,1.08,,4.4,,,
7/10/1995,12:05,,,150,J,,,0.02,,0.446,,0.022,,9.7,,8.3,,726.4,,6,,20.8,,0.066,,,,,,0.827,,2.8,,,
8/7/1995,13:50,,,1100,,,,0.025,,1.12,,0.025,,11.2,,8.6,,712,,3,,17.7,,0.037,,,,,,1.42,,17,,,
9/5/1995,12:00,,,62,,,,0.011,,1.04,,0.012,,10.7,,8.6,,730,,2,,16.7,,0.023,,,,,,1.33,,1.4,,,
10/2/1995,13:20,,,26,,,,0.068,,0.579,,0.008,,12.6,,8.5,,720.1,,1,,11,,0.041,,,,,,0.803,,1.1,,,
11/6/1995,12:35,,,9,,,,0.01,U,0.766,,0.012,,13.7,,9,,719.6,,2,,3.9,,0.022,,,,,,0.991,,1.3,,,
12/4/1995,12:45,,,220,J?,,,0.052,,3.19,,0.063,,11.8,,8.6,,718.8,,17,,3.1,,0.174,,,,,,3.9,,80,,,
1/8/1996,13:10,,,380,J?,,,0.152,,3.55,,0.092,,12,J,7.8,,718.8,,1960,,1.1,,0.267,,,,,,4.6,,2300,J,,
3/4/1996,11:15,,,14,,,,0.026,,5.09,,0.068,,12.6,,7.5,,706.9,,220,,0.9,,0.058,,,,,,6.4,,130,,,
4/9/1996,12:45,,,14,,,,0.01,U,2.83,,0.058,,9.3,,8.3,,711.7,,18,,14.7,,0.072,,,,,,3.38,,33,,,
5/6/1996,12:50,,,57,,,,0.01,U,2.19,,0.038,,10,,8.2,,716,,10,,12.4,,0.095,,,,,,2.6,,18,,,
6/3/1996,14:20,,,13,,,,0.01,U,0.694,,0.01,,10.5,,9.1,,715,,11,,21.5,,0.042,,,,,,1.07,,6.5*,J,,
7/8/1996,16:45,,,54,,,,0.011,,0.684,,0.013,,9.4,,9,,706.6,,5,,25.1,,0.01,U,,,,,0.982,,3.7,,,
8/5/1996,13:20,,,120,,,,0.01,U,0.767,,0.011,,11.9,,8.7,,713.2,,7,,16.5,,0.055,,,,,,1.22,,4.1,,,
9/3/1996,15:10,,,17,,,,0.01,U,0.783,,0.018,,13.1,,9.3,,711.2,,5,,19.6,,0.062,,,,,,1.06,,3,,,
10/8/1996,7:10,,,83,,,,0.01,U,0.611,,0.021,,9.9,,8.2,,723.6,,4,,9.3,,0.045,,,,,,1.44,,2.2,,,
11/5/1996,7:10,,,23,,,,0.01,U,1.33,,0.014,,11.7,,8.2,,722.4,,4,,3.8,,0.037,,,,,,1.44,,2.4,,,
12/3/1996,7:00,,,88,J?,,,0.161,,8.66,,0.091,,12.7,,7.6,,717.3,,35,,1.2,,0.166*,J,,,,,10.1,J,110,,,
1/14/1997,7:00,,,,,,,0.022,,5.73,,0.083,J,13,,7.2,,724.7,,30,,-0.9,,0.201,,,,,,6.41,,40,,,
2/4/1997,7:20,,,200,J?,,,0.045,,4.44,,0.083,,13,,7.4,,726.9,,197,,0.7,,0.108,J,,,,,4.91,,160,,,
3/4/1997,7:10,,,740,,,,0.024,,5.8,,0.079,,12,,7.3,,721.1,,203,,3,,0.369,,,,,,5.75,,220,,,
4/8/1997,6:55,,,420,,,,0.01,U,2.93,,0.042,,10.7,,7.2,,720.9,,17,,6.8,,0.321*,,,,,,3.83,,20,,,
5/6/1997,6:30,,,23,,,,0.026,,1.89,,0.042,,9.8,,8.1,,720.3,,37,,11.9,,0.223,,,,,,3.19,,56,,,
6/3/1997,7:40,,,130,,,,0.1,,1.82,,0.07,,8.3,,8,,713.2,,54,,14.6,,0.238,,,,,,2.69,,95,,,
7/8/1997,7:20,,,230,,,,0.046,,1.36,,0.031,,8.8,,8.2,,720.9,,14,,16.2,,0.093,,,,,,1.63,,9.1,,,
8/5/1997,7:20,,,100,,,,0.018,,1.39,,0.037,,7.8,,8,,728,,11,,18.7,,0.096,,,,,,1.7,,6.1,,,
9/9/1997,7:25,,,110,,,,0.013,,1.57,,0.031,,9,,8.1,,719.3,,9,,12,,0.097,,,,,,1.74,,5.4,,,
10/6/1997,13:50,,,36,,,,0.01,U,1.4,,0.03,,13.2,,8.4,,712,,4,,9.2,,0.088,,,,,,1.63,,2.1,,,
11/3/1997,12:35,,,21,,,,0.01,U,1.4,,0.037,,12.7,,8.3,,712.5,,6,,6.9,,0.047,,,,,,1.48,,3.1,,,
12/8/1997,13:10,,,10,,,,0.01,U,2.82,,0.057,,12.5,,7.2,,708.7,,6,,1.3,,0.084,,,,,,2.84,,9.7,,,
1/5/1998,12:30,,,36,,,,0.01,U,4.68,,0.06,,12.8,,7.9,,715,,12,,0.8,,0.116,,,,,,4.84,,45,,,
2/2/1998,13:20,,,37,,,,0.01,U,5.1,,0.07,,12,,7.7,,708.4,,21,,2.5,,0.138,,,,,,5.29,,45,,,
3/2/1998,12:25,,,26,,,,0.01,U,3.91,,0.044,,11.8,,8,,709.9,,14,,3.4,,0.099,,,,,,3.86,,29,,,
4/14/1998,13:35,,,2,,,,0.01,U,1.73,,0.026,,11.1,,8.3,,709.7,,8,,8.7,,0.08,,,,,,1.83,,27,,,
5/4/1998,12:45,,,13,,,,0.01,U,0.412,,0.005,U,12.9,,8.9,,706.6,,5,,18.2,,0.072,,,,,,0.798,,3.3,,,
6/8/1998,12:50,,,63,,,,0.011,,0.89,,0.05,,9.1,,8.3,,713.2,,12,,18,,0.104,,,,,,1.18,,15,,,
7/6/1998,12:00,,,140,,,,0.01,U,0.563,,0.01,,11.7,,8.6,,715.3,,11,,19.6,,0.089,,,,,,1,,4.2,,,
8/3/1998,16:15,,,660,,,,0.01,U,0.999,,0.016,,12.1,,8.8,,711.2,,4,U,23.6,,0.045,,,,,,1.35,,3.9,,,
9/14/1998,13:40,,,42,,,,0.01,U,1.33,,0.012,,12.2,,8.4,,710.4,,3,,18.7,,0.041,,,,,,1.52,,1.2,,,
10/5/1998,9:50,,,130,,,,0.011,,1.26,,0.009,,11,,8.2,,723.9,,3,,7.6,,0.029,,,,,,1.48,,1.7,,,
11/2/1998,9:30,,,31,,,,0.01*,UJ,1.13,,0.022,,11.7,,8.1,,715,,4,,6.4,,0.033,,,,,,1.36,,4,,,
12/7/1998,10:05,,,280,J,,,0.068,,4.07,,0.081,,12.3,,7.5,,714.8,,9,,0.7,,0.198,,,,,,3.97,,45,,,
1/11/1999,10:00,,,540,,,,0.134,,2.22,,0.104,,12.6,,7.2,,714,,1600,,-0.2,,1.74,,,,,,4.35,,1900,J,,
2/8/1999,10:55,,,220,,,,0.08,,5.32,,0.093,,12.7,,7,,709.2,,518,,-0.1,,,,0.349*,,,,5.42,,340,,,
3/8/1999,11:50,,,210,,,,0.019,,5.29,,0.08,,11.4,,7.7,,708.9,,33,,2.4,,,,0.141*,,,,5.36,,40,,,
4/5/1999,11:00,,,17,,,,0.016,,2.62,,0.042,,12,,8.1,,710.9,,7,,5.4,,,,0.1*,,,,2.82,,14,,,
5/3/1999,10:25,,,680,J,,,0.103,,1.22,,0.021,,10.5,,8,,702.1,,10,,9.4,,,,0.068*,,,,5.85,,4.4,,,
6/7/1999,10:45,,,2400,J,,,0.038,,0.792,,0.017,,10.7,,8.4,,718.3,,9,,12.2,,,,0.089*,,,,1.3,,5.4,,,
7/12/1999,10:20,,,120,,,,0.07,,0.832,,0.019,,9.9,,8.4,,716.8,,5,,17.8,,,,0.056*,,,,1.27,,2.2,,,
8/9/1999,10:25,,,180,,,,0.08,,1.09,,0.028,,9.9,,8.3,,732.5,,3,,15.9,,,,0.072*,,,,1.41,,1.9,,,
9/13/1999,10:15,,,35,,,,0.034,,1.22,,0.025,,10.6,,8.2,,722.9,,3,,10,,,,0.06*,,,,1.46,,1.3,,,
10/10/1999,12:45,,,4,,,,0.021,,1.04,,0.017,,13.2,,8.4,,719.8,,1,,7.8,,,,0.049*,,,,1.27,,0.8,,,
11/14/1999,14:35,,,4,,,,0.01,U,0.76,,0.021,,12.1,,7.5,,715,,2,,7.8,,,,0.053*,,,,1.02,,1.4,,,
12/12/1999,17:00,,,17,,,,0.041,,3.19,,0.062,,11.9,,7.8,,707.4,,7,,2.6,,,,0.128*,,,,3.93,,,,,
1/9/2000,16:05,,,24,,,,0.023,,3.07,,0.063,,11.8,,7.8,,704.1,,6,J,0.3,,,,0.114*,,,,2.95,,12,,,
2/6/2000,14:30,,,190,,,,0.031,,6.93,,0.092,,12.6,,7.2,,725.2,,40,,0.3,,,,0.218*,,,,8.13,,50,,,
3/12/2000,17:35,,,20,,,,0.018,,4.51,,0.076,,12.3,,7.8,,721.6,,30,,3,,,,0.183*,,,,4.61,,52,,,
4/9/2000,12:10,,,1,,,,0.01,U,1.99,,0.031,,10.6,,8.2,,710.7,,6,,8.1,,,,0.07*,,,,2.23,,13,,,
5/7/2000,14:35,,,7,,,,0.015,,1.39,,0.023,,12.6,,7.2,,708.9,,5,,12.4,,,,0.065*,,,,1.85,,5.5,,,
6/11/2000,17:05,,,29,,,,0.012,,0.727,,0.02,,10.1,,8.3,,716.3,,5,,13.3,,,,0.058*,,,,1.01,,3.1,,,
7/9/2000,13:10,,,76,,,,0.01,U,0.578,,0.015,,11.1,,8.6,,709.7,,11,,17.8,,,,0.053*,,,,0.863,,5.3,,,
8/6/2000,17:30,,,19,,,,0.023,,0.854,,0.026,,11.05,,8.63,,703.072,,5,,22.3,,,,0.074*,,,,1.1,,2.9,,,
9/10/2000,15:00,,,1000,J,,,0.01,U,0.979,,0.036,,10.85,,8.31,,715.772,,6,,13.4,,,,0.077*,,,,1.12,,3.8,,,
10/9/2000,16:30,,,3,,,,0.01,U,0.825,,0.019,,13.06,,8.66,,708.66,,2,,8.8,,,,0.038*,,,,0.919,,1.1,,,
11/13/2000,16:30,,,8,,,,0.01,U,1.18,,0.02,,14.1,,8.52,,717.804,,1,,0.6,,,,0.048*,,,,1.55,,1.2,,,
1/8/2001,14:25,,,2,,,,0.01,U,1.78,,0.026,,14,,8.69,,712.216,,4,,1.2,,,,0.044*,,,,1.92,,1.8,,,
2/12/2001,16:00,,,5,,,,0.052,,6.67,,0.066,,13.29,,8.12,,713.994,,5,,1.5,,,,0.158*,,,,6.54,,28,,,
3/12/2001,15:10,,,4,,,,0.08,,11,,0.09,,11.87,,7.8,,714.248,,19,,5.5,,,,0.195*,,,,11.5,,40,,,
4/9/2001,15:55,,,8,,,,0.011,,3.11,,0.033,,11.71,,8.16,J,713.994,,6,,9.6,,,,0.085*,,,,4.34,,17,,,
5/14/2001,15:10,,,220,J,,,0.03,,0.638,,0.055,,9.41,,8.5,,709.168,,8,,15.1,,,,0.1*,,,,0.945,,7.4,,,
6/11/2001,16:05,,,14,,,,0.012,,0.361,,0.023,,11.05,,8.93,,708.914,,3,,16.1,,,,0.056*,,,,0.563,,1.8,,,
7/9/2001,17:10,,,70,,,,0.026,J,0.601,J,0.026,J,11.5,,8.95,,706.628,,16,J,26.8,,,,0.052*,J,,,0.826,J,4.6,J,,
8/6/2001,15:00,,,6,,,,0.01,U,0.931,,0.014,,12.52,,8.57,,708.914,,3,,22.4,,,,0.031*,,,,1.15,,1.7,,,
9/10/2001,15:05,,,,,,,0.01,UJ,1.17,J,0.012,J,13.63,,8.53,,706.628,,2,J,16.3,,,,0.03*,J,,,1.31,J,1,J,,
10/14/2001,13:50,404,,9,,,,0.01,UJ,0.82,,0.008,,13.36,,8.32,,714.502,,2,,11.3,,,,0.032*,J,,,1.02,J,0.9,,,
11/4/2001,14:25,368,,33,,,,0.01,UJ,0.569,J,0.012,,13.6,,8.48,,715.01,,1,,8.8,,,,0.033*,J,,,0.707,J,0.9,,,
12/2/2001,13:40,286,,6,,,,0.01,U,0.729,,0.018,,13.4,,8.14,,702.056,,2,,2.7,,,,0.041*,,,,0.94,,1.8,,,
1/13/2002,13:55,173,,64,J,,,0.043,,7.11,,0.0908,,12.23,,7.97,,722.122,,14,,3.2,,,,0.168*,,,,7.25,,27,,,
2/12/2002,11:00,,,13,,,,0.019,,8.45,,0.0855,,13.4,,7.85,,716.28,,13,,0.9,,,,0.16*,,,,8.9,,26,,,
3/12/2002,9:35,134,,130,J,,,0.099,,7.2,,0.107,,12.55,,7.46,,702.056,,1110,,2.7,,,,,,,,,,600,,,
4/9/2002,10:07,105,,11,J,,,0.026,,1.45,,0.0318,,11.02,,7.71,,700.024,,10,J,8.5,,,,0.075*,,,,1.71,,21,,,
5/13/2002,10:00,197,,11,,,,0.01,U,0.684,,0.0076,,10.14,J,8.62,,706.374,,3,,13.7,,,,0.026*,,,,0.968,,4,,,
6/4/2002,9:45,235,,40,J,,,0.016,,0.406,,0.01,,9.91,,8.25,,703.58,,5,,17.6,,,,0.043*,,,,0.7,,3,,,
7/16/2002,9:40,335,,110,,,,0.02,,0.706,,0.016,,8.98,,7.95,,709.422,,5,,18.7,,,,0.035*,,,,0.994,,1.9,,,
8/13/2002,9:15,367,,65,,,,0.023,,0.864,,0.012,,8.16,,8.13,,711.962,,3,,16.1,,,,0.03*,,,,1.13,,1.8,,,
9/10/2002,9:50,347,,67,,,,0.01,U,0.944,,0.01,,9.74,,8.35,,714.756,,2,,12.9,,,,0.037*,,,,1.15,,1,,,
10/13/2002,15:30,357,,3,,,,0.01,U,0.874,,0.013,,14.8,,,,715.01,,2,,8.4,,,,0.036*,,,,1.08,,0.7,,,
11/12/2002,8:35,317,,25,,,,0.01,U,0.603,,0.014,,11.47,,7.9,,713.486,,3,,3.9,,,,0.035*,,,,0.8,,0.8,,,
12/16/2002,8:30,299,,33,,,,0.015,,0.669,,0.024,,10.97,,8.02,,688.086*,,7,,5.3,,,,0.049*,,,,0.859,,5.4,,,
1/6/2003,8:55,189,,58,,,,0.037,,4.68,,0.057,,12.12,,7.76,,718.566,,9,,3,,,,0.116*,,,,4.97,,70,,,
2/3/2003,8:30,135,,86,J,,,0.028,,4.84,,0.0879,,11.83,,7.54,,711.962,,47,,3.9,,,,0.176*,,,,5.28,,85,,,
3/3/2003,7:50,203,,11,,,,0.01,,3.75,,0.048,,12.51,,7.85,,711.708,,5,,1.8,,,,0.107*,,,,3.78,,16,,,
4/7/2003,8:35,181,,7,J,,,0.01,U,3.52,,0.0435,,11.41,,8,,713.74,,7,,5.6,,,,0.09*,,,,3.91,,14,,,
5/5/2003,7:55,226,,27,J,,,0.021,,1.47,,0.017,,9.74,,7.99,,709.93,,7,,10.9,,,,0.053*,,,,1.8,,10,,,
6/2/2003,8:25,277,,97,J,,,0.016,,0.376,,0.012,,8.78,,8.23,,712.47,,7,,16.5,,,,0.053*,,,,0.672,,2.4,,,
7/7/2003,7:35,383,,170,J,,,0.034,,0.597,,0.014,,6.93,,8.13,,710.438,,10,,17.3,,,,0.037*,,,,0.835,,3.1,,,
8/4/2003,8:10,408,,2800,J,,,0.034,,1.2,,0.02,,7.1,,8.11,,713.994,,4,,16.9,,,,0.05*,,,,1.45,,2.2,,,
9/8/2003,8:20,348,,800*,GJ,,,0.115,,1.08,,0.024,,5.68,,8.1,,709.168,,7,,15.9,J,,,0.069*,,,,1.59,,5.6,,,
10/7/2003,9:35,394,,92,J,,,0.01,U,0.754,,0.0068,,7.97,,8.02,,715.772,,3,,12.7,,,,,,0.013,,0.983,,1.2,,,
11/5/2003,9:25,405,,17,,,,0.01,U,0.755,,0.013,,13.53,,8.5,,710.946,,2,,0,,,,,,0.016,,0.928,,0.8,,,
12/9/2003,10:00,286,,43,,,,0.01,U,0.595,,0.01,,13.23,,8.33,,712.978,,1,,1.2,,,,,,0.0163,,0.783,J,1.1,,,
2/10/2004,9:40,210,,43,,,,0.015*,,9.61*,,0.0569,,13.03,,7.87,,719.836,,6,,1.1,,,,,,0.0732,,8.82*,,11,,,
3/9/2004,9:20,180,,17,J,,,0.012,,8.35,,0.0557,,10.9,,7.7,,713.232,,18,,6.8,,,,,,0.0815,,9.89,,36,,,
4/13/2004,8:45,201,,7,,,,0.01,U,0.884,,0.0071,,9.4,,8.11,,715.518,,3,,12.9,,,,,,0.0215,,1.16,,1.9,,,
5/4/2004,8:45,273,,26,,,,0.01,U,0.445,,0.005,,8.98,,7.96,,713.994,,5,,14.9,,,,,,0.0188,,0.763,,1.5,,,
6/15/2004,9:30,227,,52,,,,0.01,U,0.195,,0.01,,10.52,,8.58,,727.456,,3,,14.5,,,,,,0.0225,,0.46,,2.3,,,
7/13/2004,9:00,374,,180,,,,0.02,,0.504,,0.0094,,7.73,,7.93,,716.28,,5,,18.3,,,,,,0.021,,0.741,,2.7,,,
8/3/2004,9:16,409,,220,J,,,0.031,,0.761,,0.0074,,6.16,,8.02,,721.36,,5,,20.4,,,,,,0.0139,,1.04,,2.2,,,
9/15/2004,8:50,384,,130,,,,0.016,,0.555,,0.0075,,8.32,,8.17,,705.866,,4,,13,,,,,,0.0179,,0.752,,1.7,,,
10/6/2004,8:25,396,,51,J,,,0.01,U,0.544,,0.0069,,8.62,,8.1,,719.074,,4,,11.9,,,,,,0.0142,,0.762,,1.7,,,
11/3/2004,9:00,355,,24,,,,0.038,,0.428,,0.0075,J,10.82,,8.27,,733.298,J,2,,5.7,,,,,,0.0146,,0.62,,1,,,
12/8/2004,8:30,193,J,210,,,,0.031,,0.64,,0.026,,11.97,,8.01,,691.388*,,27,,1.6,,,,,,0.0758,,0.86,,33,,,
1/5/2005,8:50,328,,13,J,,,0.01,U,2.24,,0.0335,,13.09,,7.64,,719.328,,9,,-0.2,,,,,,0.0462,,2.43,,7.8,,,
2/9/2005,8:50,237,,3,,,,0.01,U,2.48,,0.047,,13.43,,7.98,,720.598,,6,,0,,,,,,0.0587,,2.66,,9.5,,,
3/16/2005,8:10,295,,2,J,,,0.01,U,0.248,,0.0059,,10.32,,8.07,,706.374,,3,,6.7,,,,,,0.0188,,0.507,,1.7,,,
4/6/2005,8:30,152,,14,J,,,0.01,U,2.24,,0.0509,,11.48,,7.69,,713.74,,13,,6.3,,,,,,0.075,,2.09,,35,,,
5/4/2005,8:35,244,,37,J,,,0.01,U,0.092,,0.0082,,9.89,,8.08,,707.898,,3,,13.6,,,,,,0.0264,,0.363,,2.2,,,
6/8/2005,8:20,239,,80,J,,,0.01,U,0.103,,0.021,,9.69,,8.19,,708.914,,4,,13.9,,,,,,0.04,,0.401,,2.8,,,
7/13/2005,8:05,347,,110,J,,,0.02,,0.221,,0.013,,7.14,,8.3,,724.916,,2,,19.2,,,,,,0.0304,,0.519,,1.9,,,
8/3/2005,8:05,402,,65,J,,,0.021,,0.397,,0.0043,,5.91,,8.24,,731.52,,5,,19.2,,,,,,0.0213,,0.7,,2.1,,,
9/14/2005,7:50,425,,60,J,,,0.01,U,0.67,,0.003,U,8.55,,8.32,,717.804,,2,,13.5,,,,,,0.0108,,0.869,,1.5,,,
10/5/2005,8:50,327,,33,,,,0.01,U,0.212,,0.0064,,9.54,,7.87,,718.312,J,2,,9,,,,,,0.0144,,0.456,,0.9,,,
11/9/2005,8:35,332,,11,,,,0.01,U,0.104,,0.008,,12.1,,8.24,,716.026,,1,,2.8,,,,,,0.0171,,0.312,,1.1,,,
1/11/2006,8:30,152,,700,,,,0.135,,7.7,,0.101,,11.2,,7.44,,704.85,,1784,,4.7,J,,,,,0.584,,8.91,,1100,,,
2/8/2006,8:35,178,,34,,,,0.01,U,4.95,,0.0741,,12.4,,7.79,,717.55,,11,,2.6,,,,,,0.0976,,5.02,,2.4,,,
3/8/2006,8:25,167,,56,,,,0.014,,2.85,,0.0685,,11.58,,7.91,,710.438,,40,,4,,,,,,0.117,,4.36,,85,,,
4/12/2006,8:30,159,,5,,,,0.01,U,2.57,,0.0578,,10.1,,7.96,,711.454,,22,,9.6,,,,,,0.0871,,2.68,,30,,,
5/3/2006,17:35,241,,3,,,,0.01,U,1.3,,0.014,,10.5,,9.43,,715.264,,4,J,15.2,,,,,,0.0301,,1.68,,3.4,,,
6/7/2006,8:20,295,,59,,,,0.01,U,0.668,,0.0329,,8.3,,8.14,,712.216,,5,,18.3,,,,,,0.0526,,1.04,,2.7,,,
7/12/2006,8:20,380,,80,,,,0.01,U,0.447,,0.0072,,7.67,,8.13,,718.058,,8,,,,,,,,0.0241,,0.753,,3.1,,,
8/9/2006,8:25,408,,69,J,,,0.021,,0.708,,0.017,,6.56,,8.29,,726.44,,6,,18.9,,,,,,0.0274,,1.04,,3.2,,,
9/13/2006,7:55,408,,290,,,,0.011,,0.689,,0.011,,7.67,,8.36,J,725.678,,3,,14.3,,,,,,0.0156,,0.878,,1.9,,,
10/4/2006,8:35,399,,60,,,,0.01,U,0.629,,0.009,,8.6,,,,713.74,,3,,11,,,,,,0.0128,,0.843,,1.2,,,
11/15/2006,8:40,358,,5,,,,0.01,U,0.718,,0.014,,11.41,,8.05,,709.676,,2,,4,,,,,,0.0255,,1.07,,1.5,,,
12/6/2006,8:25,316,,22,J,,,0.01,U,3.26,,0.029,,13.13,,7.99,,721.36,,3,,0,,,,,,0.0403,,3.48,,7.8,,,
1/10/2007,8:30,175,,140,,,,0.06,,5.81,,0.0934,J,12.42,,7.78,,708.66,,36,,2.1,,,,,,0.125,,6.32,,60,,,
2/14/2007,8:25,177,,390,,,,0.091,,8.61,,0.0995,,12.75,,7.84,,713.486,,91,,2.1,,,,,,0.152,,8.46,,100,,,
3/7/2007,8:10,207,,60,,,,0.019,,7.94,,0.0731,,11.11,,7.76,,711.962,,41,,5.3,,,,,,0.105,,9.24,,55,,,
4/4/2007,8:05,189,,1,,,,0.01,U,2.52,,0.0346,,11.22,,7.77,,714.248,,8,,6,,,,,,0.0557,,2.65,,13,,,
5/9/2007,11:20,281,,9,,,,0.01,U,0.75,,0.0056,,10.8,,8.78,,707.39,,4,,16.5,,,,,,0.018,,1.06,,1.7,,,
6/6/2007,10:50,344,,52,,,,0.028,,0.682,,0.019,,9.2,,8.35,,718.312,,3,,15.4,,,,,,0.0349,,0.999,,1.9,,,
7/11/2007,10:50,391,,27,,,,0.01,U,0.543,,0.0053,,8.9,,8.24,,715.772,,3,,20.1,,,,,,0.0162,,0.899,,1.3,,,
8/8/2007,10:40,409,,39,,,,0.012,,0.603,,0.0084,,7.43,,8.27,,714.248,,5,,18,,,,,,0.015,,0.9,,2.3,,,
9/12/2007,11:25,420,,10,J,,,0.014,,0.79,,0.011,,9.19,,8.31,,711.2,,3,,14.1,,,,,,0.0176,,1.08,,1.8,,,
10/2/2007,12:00,414,,45,,,,0.01,U,0.78,,0.01,,10.7,,8.35,,708.152,,2,,10.6,,0.017,,,,0.0175,,1.01,,1.6,,,
11/13/2007,11:30,391,,8,,,,0.01,U,0.611,,0.0096,,12.6,,8.55,,708.914,,2,,4.4,,0.013,,,,,,0.8,,1,,,
12/11/2007,12:50,274,,140,,,,0.016,,1.76,,0.039,,13.03,,8.07,,711.2,,4,,0,,0.084,,,,,,2.19,,23,,,
1/14/2008,11:48,179,,47,,,,0.026,,4.66,,0.0823,,12.92,,7.85,,708.914,,10,,0.5,,0.137,,,,,,4.98,,24,,,
2/19/2008,12:10,188,,17,,,,0.045,,5.55,,0.1,,12.82,,7.76,,703.58,,22,,0.4,,0.116,,,,,,5.82,,38,,,
3/10/2008,11:35,212,,25,,,,0.037,,9.35,,0.106,,11.81,,7.67,,710.184,,52,,3.8,,0.192,,,,,,10.2,,50,,,
4/14/2008,12:30,154,,48,,,,0.01,U,3.25,,0.0441,,9.54,,7.85,,704.088,,22,,11.4,,0.0988,,,,,,3.47,,23,,,
5/12/2008,11:55,148,,9,,,,0.01,U,0.696,,0.015,,10.91,,8.35,,715.264,,4,,11.6,,0.032,,,,,,0.943,,5.9,,,
6/10/2008,14:20,253,,21,,,,0.01,U,0.787,,0.016,,10.35,,8.01,,736.092,,4,,14,,0.039,,,,,,1.01,,2.6,,,
7/15/2008,12:45,368,,41,,,,0.012,,0.607,,0.017,,11.45,,8.59,,713.994,,6,,18.7*,J,0.041,,,,,,0.849,,0.8,,,
8/12/2008,11:45,402,,41,,,,0.01,U,0.807,,0.016,,10.65,,8.17,,713.994,,1,,16*,J,0.031,,,,,,1.11,,1.4,,,
9/16/2008,11:40,400,,26,,,,0.01,U,0.85,,0.0084,,11.5,,8.45,,713.74,,9,,13*,J,0.038,,,,,,1.07,,1.6,,,
10/14/2008,12:00,392,,11,,16,,0.01,U,0.745,,0.011,,11.6,,8.44,,712.47,,3,,8.7*,J,0.022,,,,,,1.04,,0.9,,,
11/18/2008,11:40,360,,15,,53,,0.01,U,0.956,,0.012,,13.11,,8.29,,709.93,,1,,4.3,,0.022,,,,,,1.27,,1.2,,,
12/9/2008,11:20,342,,15,,35,,0.01,U,1.46,,0.0185,,13.26,,8.32,,713.486,,2,,3.1,,0.0337,,,,,,1.65,,1.7,,,
1/20/2009,10:45,220,,7,,220,,0.03,,4.18,,0.0635,,14.1,,7.84,,715.01,,10,,0.6,,0.139,,,,,,4.68,,20,,,
2/10/2009,12:30,174,,89,J,220,,0.029,,2.95,,0.071,,13,,7.85,,705.612,,28,,5.3,,0.239,,,,,,3.28,,100,,,
3/17/2009,12:30,152,,49,,1840,,0.057,,6.28,,0.0939,,12.5,,7.63,,714.248,,248,,2.9,,0.474,,,,,,6.73,,210,,,
4/14/2009,12:55,126,,92,J,1360,,0.01,U,2.24,,0.0744,,11.05,,7.82,,708.406,,55,,6.8,,0.208,,,,,,3.03,,65,,,
5/12/2009,11:25,206,,5,,241,,0.01,U,1.29,,0.028,,10,,8.24,,708.66,,7,,13.2,,0.0645,,,,,,1.58,,8.4,,,
6/9/2009,11:50,304,,52,,71,,0.01,U,0.63,,0.0132,,10.9,,8.68,,704.088,,6,,16.1,,0.0441,,,,,,0.976,,3.3,,,
7/14/2009,12:45,391,,25,J,25,,0.01,U,0.898,,0.0422,,10.9,,8.65,,721.614,,3,,18,,0.0481,,,,,,1.18,,2.2,,,
8/11/2009,11:45,394,,36,J,19,,0.011,,0.701,,0.0164,,11.4,,8.48,J,719.074,,2,,18.4,,0.0296,,,,,,0.979,,1,,,
9/22/2009,12:15,400,,55,,16,,0.016,,0.828,,0.02,,12.1,,8.52,,713.486,,1,U,12.5,,0.0308,,,,,,1.09,,0.8,,,
10/12/2009,12:10,430,,2,,,,0.01,U,1.02,,0.0161,,13.2,,8.43,,709.168,,3,,2.2,,0.0232,,,,,,1.16,,0.8,,,
11/9/2009,11:45,414,,7,,,,0.01,U,1.23,,0.0171,,13.2,,8.51,,713.74,,3,U,5.6,,0.0268,,,,,,1.43,,0.9,,,
1/11/2010,13:00,212,,43,,,,0.098,,3.08,,0.109,,12.8,,7.92,,711.2,,14,,,,0.22,,,,,,3.2,,85,,,
2/8/2010,13:00,258,,27,J,,,0.01,U,3.86,,0.0684,,11.6,,,,711.708,,11,,4.4,,0.117,,,,,,4.5,,22,,,
3/8/2010,11:40,270,,1,,,,0.01,U,1.95,,0.0247,,11.2,,8.23,,715.01,,5,J,8.6,,0.0539,,,,,,3.41,,8.6,,,
4/12/2010,12:15,238,,10,,,,0.01,U,1.15,,0.0358,,11,,8.17,,709.422,,5,,,,0.0665,,,,,,1.34,,12,,,
5/10/2010,11:45,161,,4,,,,0.011,,0.597,,0.0435,,10,,8.03,,708.152,,9,,12.5,,0.105,,,,,,0.812,,21,,,
6/14/2010,12:15,206,,59,,,,0.017,,0.595,,0.0677,,8.28,,7.97,,708.91,,15,,18.6,,0.131,,,,,,0.946,,25,,,
7/13/2010,12:20,266,,26,,,,0.01,U,0.224,,0.0081,,11.8,,8.73,,706.882,,4,,18.6,,0.0326,,,,,,0.481,,2.2,,,
8/16/2010,13:00,435,,22,,,,0.01,U,0.84,,0.0192,,11.2,,8.44,,709.168,,3,,18.3,,0.0352,,,,,,1.06,,1.6,,,
9/20/2010,13:30,,,130,,,,0.01,U,0.812,,0.0151,,11.9,,8.51,,710.692,,4,,14.5,,0.0278,,,,,,1.13,,2.7,,,
10/12/2010,11:30,384,,24,,15,,0.01,U,0.71,,0.0177,,12.2,,8.4,,723.646,,1,,9.9,,0.0283,,,,,,0.981,,0.8,,,
11/8/2010,12:30,356,,14,,24,,0.01,U,0.564,,0.0163,,12,,8.37,,718.312,,1,,7.2,,0.0238,,,,,,0.637,,1.2,,,
12/20/2010,13:45,214,,51,,172,,0.054,,4.26,,0.0895,,12.81,,7.71,,712.216,,5,,0.5,,0.147,,,,,,4.94,,27,,,
1/18/2011,10:00,112,,340,,2310,,0.044,,3.64,,0.0847,,11.4,,8.11,J,,,172,J,4.8,,0.372,,,,,,4.18,,190,,,
2/23/2011,12:30,220,,15,,279,,0.01,U,4.77,,0.0628,,12.4,,7.81,,,,10,J,1,,0.116,,,,,,5.11,,27,,,
3/14/2011,13:00,152,,200,,2270,,0.025,,5.25,,0.0817,,12.3,,7.67,,,,203,J,5.2,,0.33,,,,,,5.27,,150,,,
4/11/2011,11:30,180,,3,U,629,,0.02,,2.99,,0.064,,14.84,,7.53,,,,18,,8.6,,0.118,,,,,,3.19,,25,,,
5/16/2011,11:20,192,,140,,413,,0.027,,1.5,,0.0433,,9.49,,7.97,,,,13,,13,,0.0931,,,,,,1.79,,13,,,
6/21/2011,9:15,288,,31,,153,,0.03,,1.44,,0.0284,,8.69,,8.41,,,,4,,17.1,,0.0476,,,,,,1.83,,2.9,,,
7/24/2011,11:10,313,,23,,31,,0.019,,0.674,,0.021,,11.7,,8.45,,,,9,J,17.6,,0.0644,,,,,,0.973,,2.9,,,
8/15/2011,11:00,,,16,,21,,0.018,,0.824,,0.0329,,13.3,,8.56,,,,3,,17.2,,0.0434,,,,,,1.06,,1.7,,,
9/19/2011,12:00,396,,14,,23,,0.015,,0.862,,0.0289,,10.8,,8.32,,,,2,,15.7,,0.0355,,,,,,1.09,,1,,,
10/24/2011,14:45,444,,5,,27,,0.022,,0.922,,0.0195,,13,,8.63,,,,4,J,10.2,,0.0289,,,,,,1.21,,1,,,
11/28/2011,16:05,353,,6,,55,,0.01,U,2,,0.0188,,,,,,,,2,,4.1,,0.0292,,,,,,2.26,,1.1,,,
12/12/2011,16:15,417,,1,,28,,0.01,U,2.32,,0.0264,,13.79,,8.45,,719.328,,3,,1.8,,0.0307,,,,,,2.54,,1.4,,,
1/25/2012,13:30,,,12,,50,,0.032,,3.13,,,,13.05,,,,,,7,,1.8,,,,,,,,3.46,,9.5,,,
2/22/2012,14:20,240,J,7,,244,,0.023,,5.11,,0.0631,,12.3,J,8.16,J,712,,10,,3.1,J,0.159,,,,,,5.24,,50,,,
4/16/2012,16:00,182,,16,,369,,0.011,,2.46,,0.0568,,10.5,,8.02,,713.74,,11,,9.9,,0.107,,,,,,2.66,,17,,,
5/14/2012,16:20,247,,11,,198,,0.013,,1.77,,0.0456,,9.39,,8.42,J,710.692,,7,,18.5,,0.0805,,,,,,1.87,,9.9,,,
6/25/2012,17:15,262,,54,,76,,0.01,U,0.635,,0.0219,,10.7,,8.99,,709.93,,4,,21.4,,0.0425,,,,,,0.552,,2.3,,,
7/23/2012,16:15,333,,110,,37,,0.022,,0.755,,0.0551,,10.15,,8.73,,716.788,,4,,22.2,,0.0747,,,,,,0.967,,1.7,,,
8/27/2012,16:50,389,,15,,19,,0.015,,0.901,,0.0337,,11.31,,8.69,,712.978,,5,J,20,,0.0411,,,,,,1.06,,,,,
,,,,,,,,,,,,,,,,,,,,,,,,,,,,,,1.5,,,,,
9/24/2012,16:10,384,,19,,20,,0.016,,0.805,,0.0198,,13.88,,8.82,,709.93,,2,,15.76,,0.0267,,,,,,0.866,,,,,
,,,,,,,,,,,,,,,,,,,,,,,,,,,,,,1.1,,,,,
10/17/2012,16:10,375,,22,,26,,0.012,,0.73,,0.0196,,12.3,,8.73,,720.344,,1,,11.63,,0.0264,,,,,,0.914,,,,,
,,,,,,,,,,,,,,,,,,,,,,,,,,,,,,1.2,,,,,
11/7/2012,16:00,358,,6,,27,,0.01,U,0.905,,0.0225,,12.19,,8.72,,714.756,,1,,9.61,,0.0291,,,,,,1.1,,,,,
,,,,,,,,,,,,,,,,,,,,,,,,,,,,,,0.8,,,,,
12/5/2012,15:20,172,,1500,J,,,0.039,,5.1,,0.0789,,12.63,,7.82,,717.55,,86,,5.48,,0.349,,,,,,4.76,,,,,
,,,,,,,,,,,,,,,,,,,,,,,,,,,,,,210,,,,,
1/9/2013,17:20,265,,16,,115,,0.012,,3.97,,0.0522,,12.8,,8.01,,706.12,,4,,1.5,,0.0721,,,,,,4.1,,,,,
,,,,,,,,,,,,,,,,,,,,,,,,,,,,,,7.2,,,,,
2/6/2013,15:58,186,,26,,692,,0.019,,8.46,,0.0853,,12.46,,7.81,,715.518,,29,,3.26,,0.161,,,,,,8.45,,,,,
,,,,,,,,,,,,,,,,,,,,,,,,,,,,,,45,,,,,
3/6/2013,15:54,155,,11,,479,,0.013,,3.37,,0.0563,,11.667,,7.9,,705.104,,36,,4.27,,0.142,,,,,,3.63,,,,,
,,,,,,,,,,,,,,,,,,,,,,,,,,,,,,37,,,,,
4/3/2013,15:48,177,,2,,244,,0.01,U,1.69,,0.0295,,10.9,,8.22,,714.756,,7,,12.53,,0.0594,,,,,,1.9,,,,,
,,,,,,,,,,,,,,,,,,,,,,,,,,,,,,13,,,,,
5/8/2013,16:28,250,,7,,90,,0.012,,0.816,,0.0203,,11.1,,9.07,,712.216,,5,,20.87,,0.0381,,,,,,1.1,,,,,
,,,,,,,,,,,,,,,,,,,,,,,,,,,,,,3.4,,,,,
6/5/2013,15:16,311,,23,,47,,0.029,,0.593,,0.0208,,10.2,,8.15,,713.232,,5,,21.7,,0.0417,,,,,,0.882,,,,,
,,,,,,,,,,,,,,,,,,,,,,,,,,,,,,2.1,,,,,
7/10/2013,17:22,372,,27,,19,,0.022,,0.623,,0.0399,,11.36,,8.79,,709.168,,5,,23.22,,0.0562,,,,,,0.951,,,,,
,,,,,,,,,,,,,,,,,,,,,,,,,,,,,,1.9,,,,,
8/7/2013,17:46,383,,68,,13,,0.026,,0.674,,0.0288,,11.9,,8.8,,709.93,,4,,23.52,,0.0353,,,,,,0.938,,,,,
,,,,,,,,,,,,,,,,,,,,,,,,,,,,,,1.2,,,,,
9/11/2013,16:25,396,,30,,12,,0.017,,0.751,,0.0196,,12.8,,8.72,,713.74,,1,,20.092,,0.0286,,,,,,1.01,,,,,
,,,,,,,,,,,,,,,,,,,,,,,,,,,,,,0.7,,,,,
10/8/2013,16:35,361,,13,,18,,0.01,U,0.568,,0.0143,,13.3,,8.8,,711.708,,2,,10.82,,0.0213,,,,,,0.726,,,,,
,,,,,,,,,,,,,,,,,,,,,,,,,,,,,,0.8,,,,,
11/5/2013,15:20,408,,100,,23,,0.067,,0.653,,0.0175,,12.4,,8.46,,717.296,,4,,4.57,,0.0356,,,,,,0.876,,,,,
,,,,,,,,,,,,,,,,,,,,,,,,,,,,,,4.4,,,,,
12/3/2013,16:05,328,,6,,33,,0.01,U,1.15,,0.0156,,13.87,,8.47,,719.328,,3,,0.24,,0.0261,,,,,,1.31,,,,,
,,,,,,,,,,,,,,,,,,,,,,,,,,,,,,1.5,,,,,
1/7/2014,15:10,266,,5,,57,,0.032,,1.87,,0.0553,,12.73,,8.05,,716.534,,5,,0.54,,0.1,,,,,,2.12,,,,,
,,,,,,,,,,,,,,,,,,,,,,,,,,,,,,30,,,,,
2/4/2014,16:25,307,,1,U,1810,,0.019,,2.11,,0.0656,,12.9,,8.12,,724.408,,4,,0.04,,0.0914,,,,,,2.2,,,,,
,,,,,,,,,,,,,,,,,,,,,,,,,,,,,,9.4,,,,,
3/4/2014,15:10,270,,25,,169,,0.031,,2.39,,0.0682,,12.3,,7.92,,711.454,,13,,1.55,J,0.116,,,,,,2.66,,,,,
,,,,,,,,,,,,,,,,,,,,,,,,,,,,,,23,,,,,
4/8/2014,16:47,180,,2,,227,,0.01,U,1.43,,0.0347,,9.6,,8.15,,711.708,,7,,,,0.0758,,,,,,1.62,,,,,
,,,,,,,,,,,,,,,,,,,,,,,,,,,,,,16,,,,,
5/6/2014,15:15,189,,12,,180,,0.013,,0.388,,0.0221,,9.95,,8.75,,709.168,,6,,16.3,,0.0578,,,,,,0.625,,,,,
,,,,,,,,,,,,,,,,,,,,,,,,,,,,,,9.2,,,,,
6/3/2014,16:10,312,,48,,33,,0.019,,0.344,,0.0117,,9.6,,8.71,,708.66,,6,,22.83,,0.0379,,,,,,0.682,,,,,
,,,,,,,,,,,,,,,,,,,,,,,,,,,,,,2.6,,,,,
7/8/2014,15:25,371,,52,,18,,0.018,,0.46,,0.0167,,11.44,,8.78,,711.454,,4,,,,0.0297,,,,,,0.746,,,,,
,,,,,,,,,,,,,,,,,,,,,,,,,,,,,,1.7,,,,,
8/5/2014,16:15,424,,26,,12,,0.019,,0.725,,0.0129,,12.2,,8.68,,709.676,,5,,22.73,,0.0199,,,,,,0.949,,,,,
,,,,,,,,,,,,,,,,,,,,,,,,,,,,,,2.2,,,,,
9/9/2014,15:30,433,,17,,7.5,,0.014,,0.816,,0.0106,,13.03,,8.67,,711.454,,4,,17.2,,0.0373,,,,,,0.993,,,,,
,,,,,,,,,,,,,,,,,,,,,,,,,,,,,,0.8,,,,,
10/7/2014,15:40,425,,16,,8,,0.014,,0.745,,0.0108,,12.34,,8.59,,709.422,,1,,14.18,J,0.0175,,,,,,0.898,,,,,
,,,,,,,,,,,,,,,,,,,,,,,,,,,,,,0.9,,,,,
11/4/2014,14:40,374,,110,,17,,0.014,,0.57,,0.0253,,11.1,,8.38,,713.994,,2,,,,0.033,,,,,,0.717,,,,,
,,,,,,,,,,,,,,,,,,,,,,,,,,,,,,2.8,,,,,
12/2/2014,15:30,,,,,,,,,,,,,,,,,718.82,,,,,,,,,,,,,,,,,
1/6/2015,15:45,267,,59,,61,,0.037,,2.27,,0.0573,,12.64,,7.97,,722.122,,4,,,,0.0963,,,,,,2.79,,,,,
,,,,,,,,,,,,,,,,,,,,,,,,,,,,,,16,,,,,
2/3/2015,15:10,188,,13,,263,,0.01,U,3.05,,0.0538,,11.84,,7.96,,714.502,,10,,,,0.0912,,,,,,3.62,,,,,
,,,,,,,,,,,,,,,,,,,,,,,,,,,,,,16,,,,,
3/3/2015,14:55,238,,5,,104,,0.01,U,3.27,,0.0445,,12.04,,8.1,,717.296,,4,,,,0.0715,,,,,,3.81,,,,,
,,,,,,,,,,,,,,,,,,,,,,,,,,,,,,10,,,,,
4/7/2015,16:15,184,,21,,341,,0.011,,2.65,,0.0327,,10.1,,8.18,,708.406,,11,,,,0.0717,,,,,,2.68,,,,,
,,,,,,,,,,,,,,,,,,,,,,,,,,,,,,15,,,,,
5/5/2015,15:09,281,,3,,49,,0.014,,0.65,,0.0048,,10.95,,8.96,,711.708,,2,U,17.4,,0.0194,,,,,,0.902,,,,,
,,,,,,,,,,,,,,,,,,,,,,,,,,,,,,1.1,,,,,
6/2/2015,15:15,308,,24,,34,,0.03,,0.939,,0.0439,,9.25,,8.56,,711.2,,6,,19.83,,0.0739,,,,,,1.28,,,,,
,,,,,,,,,,,,,,,,,,,,,,,,,,,,,,9.7,,,,,
7/7/2015,15:35,419,,21,,5,,0.018,,0.432,,0.0145,,12.39,,8.63,,709.93,,2,,24.17,,0.0259,,,,,,0.656,,,,,
,,,,,,,,,,,,,,,,,,,,,,,,,,,,,,1.7,,,,,
8/4/2015,15:59,430,,14,,3,,0.012,,0.593,,0.006,,12.38,,8.71,,709.422,,3,,22.15,,0.0152,,,,,,0.764,,,,,
,,,,,,,,,,,,,,,,,,,,,,,,,,,,,,1.2,,,,,
9/15/2015,17:15,442,,24,,4,,0.011,,0.582,,0.0064,,13.3,,8.56,,710.438,,3,,15.7,,0.013,,,,,,0.749,,,,,
,,,,,,,,,,,,,,,,,,,,,,,,,,,,,,2.3,,,,,
"     Common data qualifiers:   U - not detected at the reported level,   J - estimated value  ",,,,,,,,,,,,,,,,,,,,,,,,,,,,,,,,,,,
     Times are local (Pacific Standard or Pacific Daylight Savings).,,,,,,,,,,,,,,,,,,,,,,,,,,,,,,,,,,,
Colored background,,,,,,,,,,,,,,,,,,,,,,,,,,,,,,,,,,,
indicates that result exceeded water quality standards -OR- contrasted strongly with historical results.   The November 2006 amendment to the water quality standards was incorporated beginning in January 2009.,,,,,,,,,,,,,,,,,,,,,,,,,,,,,,,,,,,
Asterisk * indicates possible quality problem for the result. You may wish to discuss the result with the station contact person.,,,,,,,,,,,,,,,,,,,,,,,,,,,,,,,,,,,
